sampler_label,aggregate_report_count,average,aggregate_report_min,aggregate_report_max,aggregate_report_stddev,aggregate_report_error%,aggregate_report_rate,aggregate_report_bandwidth,average_bytes
/registration_step1.php,120,291,182,3217,279.5842139827164,0.0,0.1421482630074545,10.110089295021613,72830.51666666666
/get_jobTitle_dropdown.php,120,176,102,3157,277.2957294969077,0.0,0.14222424496703953,0.12527955953151332,902.0
/registration_step2.php,120,2103,907,4454,888.3178672434146,0.0,0.14179838160780459,0.2970265285570124,2144.983333333333
/after_registration_redirect.php,120,22328,7674,65346,9814.702090896875,0.0,0.1390122944790109,28.826503687663124,212343.375
/dashboard.php,112,22115,9491,65654,9548.09551964662,0.0,0.13167454754509264,27.122918897369683,210928.1517857143
/getDashboard.php,100,6211,4614,14918,1638.0876838557813,0.0,0.12442283358072741,2.6981771899351883,22206.0
/index.php,100,174,120,341,41.16802642828531,0.0,0.12660872207486373,2.255588785948964,18243.0
TOTAL,792,7706,102,65654,10901.728954833077,0.0,0.9085976048357584,69.74662292726171,78605.25
